<?xml version="1.0" encoding="UTF-8" standalone="no"?>
<editConfig version="1.0">


    <allCrop>
        <groupIconName>photo_crop_crop</groupIconName>
        <groupName>EditCc_XML_kCrop</groupName>
        <cropCategory>
            <categoryIndex>0</categoryIndex>
            <subCrop>
                <cropName>TPhotoCategory_Crop_Free</cropName>
                <cropIconName>photo_crop_freedom</cropIconName>
                <cropValue>0/0</cropValue>
            </subCrop>
        </cropCategory>
        <cropCategory>
            <categoryIndex>1</categoryIndex>
            <subCrop>
                <cropName>1:1</cropName>
                <cropIconName>photo_crop_11</cropIconName>
                <cropValue>1/1</cropValue>
            </subCrop>
        </cropCategory>
        <cropCategory>
            <categoryIndex>2</categoryIndex>
            <subCrop>
                <cropName>2:3</cropName>
                <cropIconName>photo_crop_23</cropIconName>
                <cropValue>2/3</cropValue>
            </subCrop>
            <subCrop>
                <cropName>3:2</cropName>
                <cropIconName>photo_crop_32</cropIconName>
                <cropValue>3/2</cropValue>
            </subCrop>
        </cropCategory>
        <cropCategory>
            <categoryIndex>3</categoryIndex>
            <subCrop>
                <cropName>3:4</cropName>
                <cropIconName>photo_crop_34</cropIconName>
                <cropValue>3/4</cropValue>
            </subCrop>
            <subCrop>
                <cropName>4:3</cropName>
                <cropIconName>photo_crop_43</cropIconName>
                <cropValue>4/3</cropValue>
            </subCrop>
        </cropCategory>
        <cropCategory>
            <categoryIndex>4</categoryIndex>
            <subCrop>
                <cropName>9:16</cropName>
                <cropIconName>photo_crop_916</cropIconName>
                <cropValue>9/16</cropValue>
            </subCrop>
            <subCrop>
                <cropName>16:9</cropName>
                <cropIconName>photo_crop_169</cropIconName>
                <cropValue>16/9</cropValue>
            </subCrop>
        </cropCategory>
        <cropCategory>
            <categoryIndex>5</categoryIndex>
            <subCrop>
                <cropName>TPhotoCategory_Crop_VGold</cropName>
                <cropIconName>photo_crop_verticalgold</cropIconName>
                <cropValue>0.618/1</cropValue>
            </subCrop>
            <subCrop>
                <cropName>TPhotoCategory_Crop_HGold</cropName>
                <cropIconName>photo_crop_horizontalgold</cropIconName>
                <cropValue>1/0.618</cropValue>
            </subCrop>
        </cropCategory>
    </allCrop>
    
    <allRotate>
        <groupIconName>photo_rotate_rotate</groupIconName>
        <groupName>EditCc_XML_kRotate</groupName>
        <rotateCategory>
            <subRotate>
                <rotateName>EditCc_XML_kRotateLeft90</rotateName>
                <rotateIconName>photo_rotate_left_90</rotateIconName>
                <rotateValue>Left90</rotateValue>
            </subRotate>
            <subRotate>
                <rotateName>EditCc_XML_kRotateRight90</rotateName>
                <rotateIconName>photo_rotate_right_90</rotateIconName>
                <rotateValue>Right90</rotateValue>
            </subRotate>
            <subRotate>
                <rotateName>EditCc_XML_kRotateVerticalMirrored</rotateName>
                <rotateIconName>photo_rotate_vertical_mirrored</rotateIconName>
                <rotateValue>Vertical</rotateValue>
            </subRotate>
            <subRotate>
                <rotateName>EditCc_XML_kRotateHorizontalMirrored</rotateName>
                <rotateIconName>photo_rotate_horizontal_mirrored</rotateIconName>
                <rotateValue>Horizontal</rotateValue>
            </subRotate>
        </rotateCategory>
    </allRotate>
    
   
    <allFace>
        <groupIconName>photo_face_face</groupIconName>
        <groupName>EditCc_XML_kFace</groupName>
        
        <faceCategory>
            <categoryName>TPhotoCategory_Portrait_FaceAuto</categoryName>
            <categoryIndex>0</categoryIndex>
            <categoryIconName>photo_face_category_yijianmeiyan</categoryIconName>
            <subFace>
                <faceName>EditCc_Face_Auto_Item_0</faceName>
                <faceIndex>0</faceIndex>
                <faceIconName>photo_face_auto_0</faceIconName>
                <umengKey>自然</umengKey>
                <faceEffectParamType>
                    <faceEffectParam_MeiYanMeiFu>50</faceEffectParam_MeiYanMeiFu>
                    <faceEffectParam_MeiYanMeiBai>10</faceEffectParam_MeiYanMeiBai>
                    <faceEffectParam_MeiYanFuSe>0</faceEffectParam_MeiYanFuSe>
                    <faceEffectParam_MeiYanContrast>20</faceEffectParam_MeiYanContrast>
                    <faceEffectParam_MeiXingDaYan>10</faceEffectParam_MeiXingDaYan>
                    <faceEffectParam_MeiXingShouLian>10</faceEffectParam_MeiXingShouLian>
                    <faceEffectParam_EffectLevel>100</faceEffectParam_EffectLevel>
                    <faceEffectParam_Effect>30</faceEffectParam_Effect>
                </faceEffectParamType>
            </subFace>
            <subFace>
                <faceName>EditCc_Face_Auto_Item_1</faceName>
                <faceIndex>1</faceIndex>
                <faceIconName>photo_face_auto_1</faceIconName>
                <umengKey>甜美</umengKey>
                <faceEffectParamType>
                    <faceEffectParam_MeiYanMeiFu>50</faceEffectParam_MeiYanMeiFu>
                    <faceEffectParam_MeiYanMeiBai>0</faceEffectParam_MeiYanMeiBai>
                    <faceEffectParam_MeiYanFuSe>0</faceEffectParam_MeiYanFuSe>
                    <faceEffectParam_MeiYanContrast>20</faceEffectParam_MeiYanContrast>
                    <faceEffectParam_MeiXingDaYan>30</faceEffectParam_MeiXingDaYan>
                    <faceEffectParam_MeiXingShouLian>30</faceEffectParam_MeiXingShouLian>
                    <faceEffectParam_EffectLevel>80</faceEffectParam_EffectLevel>
                    <faceEffectParam_Effect>34</faceEffectParam_Effect>
                </faceEffectParamType>
            </subFace>
            <subFace>
                <faceName>EditCc_Face_Auto_Item_2</faceName>
                <faceIndex>2</faceIndex>
                <faceIconName>photo_face_auto_2</faceIconName>
                <umengKey>冷艳</umengKey>
                <faceEffectParamType>
                    <faceEffectParam_MeiYanMeiFu>8</faceEffectParam_MeiYanMeiFu>
                    <faceEffectParam_MeiYanMeiBai>30</faceEffectParam_MeiYanMeiBai>
                    <faceEffectParam_MeiYanFuSe>-30</faceEffectParam_MeiYanFuSe>
                    <faceEffectParam_MeiYanContrast>20</faceEffectParam_MeiYanContrast>
                    <faceEffectParam_MeiXingDaYan>20</faceEffectParam_MeiXingDaYan>
                    <faceEffectParam_MeiXingShouLian>50</faceEffectParam_MeiXingShouLian>
                    <faceEffectParam_EffectLevel>40</faceEffectParam_EffectLevel>
                    <faceEffectParam_Effect>33</faceEffectParam_Effect>
                </faceEffectParamType>
            </subFace>
            <subFace>
                <faceName>EditCc_Face_Auto_Item_3</faceName>
                <faceIndex>3</faceIndex>
                <faceIconName>photo_face_auto_3</faceIconName>
                <umengKey>萌主</umengKey>
                <faceEffectParamType>
                    <faceEffectParam_MeiYanMeiFu>80</faceEffectParam_MeiYanMeiFu>
                    <faceEffectParam_MeiYanMeiBai>10</faceEffectParam_MeiYanMeiBai>
                    <faceEffectParam_MeiYanFuSe>20</faceEffectParam_MeiYanFuSe>
                    <faceEffectParam_MeiYanContrast>20</faceEffectParam_MeiYanContrast>
                    <faceEffectParam_MeiXingDaYan>50</faceEffectParam_MeiXingDaYan>
                    <faceEffectParam_MeiXingShouLian>10</faceEffectParam_MeiXingShouLian>
                    <faceEffectParam_EffectLevel>80</faceEffectParam_EffectLevel>
                    <faceEffectParam_Effect>310</faceEffectParam_Effect>
                </faceEffectParamType>
            </subFace>
            <subFace>
                <faceName>EditCc_Face_Auto_Item_7</faceName>
                <faceIndex>7</faceIndex>
                <faceIconName>photo_face_auto_7</faceIconName>
                <umengKey>艺术</umengKey>
                <faceEffectParamType>
                    <faceEffectParam_MeiYanMeiFu>80</faceEffectParam_MeiYanMeiFu>
                    <faceEffectParam_MeiYanMeiBai>20</faceEffectParam_MeiYanMeiBai>
                    <faceEffectParam_MeiYanFuSe>0</faceEffectParam_MeiYanFuSe>
                    <faceEffectParam_MeiYanContrast>0</faceEffectParam_MeiYanContrast>
                    <faceEffectParam_MeiXingDaYan>20</faceEffectParam_MeiXingDaYan>
                    <faceEffectParam_MeiXingShouLian>50</faceEffectParam_MeiXingShouLian>
                    <faceEffectParam_EffectLevel>100</faceEffectParam_EffectLevel>
                    <faceEffectParam_Effect>311</faceEffectParam_Effect>
                </faceEffectParamType>
            </subFace>
            <subFace>
                <faceName>EditCc_Face_Auto_Item_6</faceName>
                <faceIndex>6</faceIndex>
                <faceIconName>photo_face_auto_6</faceIconName>
                <umengKey>清新</umengKey>
                <faceEffectParamType>
                    <faceEffectParam_MeiYanMeiFu>80</faceEffectParam_MeiYanMeiFu>
                    <faceEffectParam_MeiYanMeiBai>20</faceEffectParam_MeiYanMeiBai>
                    <faceEffectParam_MeiYanFuSe>-20</faceEffectParam_MeiYanFuSe>
                    <faceEffectParam_MeiYanContrast>20</faceEffectParam_MeiYanContrast>
                    <faceEffectParam_MeiXingDaYan>10</faceEffectParam_MeiXingDaYan>
                    <faceEffectParam_MeiXingShouLian>50</faceEffectParam_MeiXingShouLian>
                    <faceEffectParam_EffectLevel>80</faceEffectParam_EffectLevel>
                    <faceEffectParam_Effect>32</faceEffectParam_Effect>
                </faceEffectParamType>
            </subFace>
            <subFace>
                <faceName>EditCc_Face_Auto_Item_4</faceName>
                <faceIndex>4</faceIndex>
                <faceIconName>photo_face_auto_4</faceIconName>
                <umengKey>可爱</umengKey>
                <faceEffectParamType>
                    <faceEffectParam_MeiYanMeiFu>50</faceEffectParam_MeiYanMeiFu>
                    <faceEffectParam_MeiYanMeiBai>10</faceEffectParam_MeiYanMeiBai>
                    <faceEffectParam_MeiYanFuSe>0</faceEffectParam_MeiYanFuSe>
                    <faceEffectParam_MeiYanContrast>30</faceEffectParam_MeiYanContrast>
                    <faceEffectParam_MeiXingDaYan>30</faceEffectParam_MeiXingDaYan>
                    <faceEffectParam_MeiXingShouLian>30</faceEffectParam_MeiXingShouLian>
                    <faceEffectParam_EffectLevel>100</faceEffectParam_EffectLevel>
                    <faceEffectParam_Effect>35</faceEffectParam_Effect>
                </faceEffectParamType>
            </subFace>
            <subFace>
                <faceName>EditCc_Face_Auto_Item_5</faceName>
                <faceIndex>5</faceIndex>
                <faceIconName>photo_face_auto_5</faceIconName>
                <umengKey>唯美</umengKey>
                <faceEffectParamType>
                    <faceEffectParam_MeiYanMeiFu>50</faceEffectParam_MeiYanMeiFu>
                    <faceEffectParam_MeiYanMeiBai>20</faceEffectParam_MeiYanMeiBai>
                    <faceEffectParam_MeiYanFuSe>0</faceEffectParam_MeiYanFuSe>
                    <faceEffectParam_MeiYanContrast>0</faceEffectParam_MeiYanContrast>
                    <faceEffectParam_MeiXingDaYan>10</faceEffectParam_MeiXingDaYan>
                    <faceEffectParam_MeiXingShouLian>20</faceEffectParam_MeiXingShouLian>
                    <faceEffectParam_EffectLevel>80</faceEffectParam_EffectLevel>
                    <faceEffectParam_Effect>37</faceEffectParam_Effect>
                </faceEffectParamType>
            </subFace>
        </faceCategory>
        
        <faceCategory>
            <categoryName>TPhotoCategory_Portrait_Skin</categoryName>
            <categoryIndex>1</categoryIndex>
            <categoryIconName>photo_face_category_meiyan</categoryIconName>
            <subFace>
                <faceName>TPhotoCategory_Portrait_Smooth</faceName>
                <faceIndex>10</faceIndex>
                <faceIconName>photo_face_meiyan_mopi</faceIconName>
                <umengKey>ID_7_19_Edit</umengKey>
            </subFace>
            <subFace>
                <faceName>TPhotoCategory_Portrait_Whiten</faceName>
                <faceIndex>11</faceIndex>
                <faceIconName>photo_face_meiyan_meibai</faceIconName>
                <umengKey>ID_7_20_Edit</umengKey>
            </subFace>
            <subFace>
                <faceName>TPhotoCategory_Portrait_SkinTone</faceName>
                <faceIndex>12</faceIndex>
                <faceIconName>photo_face_meiyan_fuse</faceIconName>
                <umengKey>ID_7_21_Edit</umengKey>
            </subFace>
        </faceCategory>
        
        <faceCategory>
            <categoryName>TPhotoCategory_Portrait_FaceShape</categoryName>
            <categoryIndex>2</categoryIndex>
            <categoryIconName>photo_face_category_suyan</categoryIconName>
            <subFace>
                <faceName>TPhotoCategory_Portrait_AutoShape</faceName>
                <faceIndex>13</faceIndex>
                <faceIconName>photo_face_meiyan_duibidu</faceIconName>
                <umengKey>ID_7_22_Edit</umengKey>
            </subFace>
            <subFace>
                <faceName>TPhotoCategory_Portrait_Dilate</faceName>
                <faceIndex>20</faceIndex>
                <faceIconName>photo_face_meiyan_dayan</faceIconName>
                <umengKey>ID_7_23_Edit</umengKey>
            </subFace>
            <subFace>
                <faceName>TPhotoCategory_Portrait_FacePinch</faceName>
                <faceIndex>24</faceIndex>
                <faceIconName>photo_face_meiyan_shoulian</faceIconName>
                <umengKey>ID_7_24_Edit</umengKey>
            </subFace>
        </faceCategory>
        
        <faceCategory>
            <categoryName>TPhotoCategory_Portrait_Art</categoryName>
            <categoryIndex>3</categoryIndex>
            <categoryIconName>photo_face_category_yishu</categoryIconName>
            <subFace>
                <faceName>EditCc_XML_Face_Effects_Item_0</faceName>
                <faceIndex>30</faceIndex>
                <faceIconName>photo_face_effect_0</faceIconName>
                <!--<faceEffectParam><![CDATA[Effect=Normal]]></faceEffectParam>-->
                <umengKey>无特效</umengKey>
            </subFace>
            <subFace>
                <faceName>EditCc_XML_Face_Effects_Item_4</faceName>
                <faceIndex>34</faceIndex>
                <faceIconName>photo_face_effect_4</faceIconName>
                <faceEffectParam><![CDATA[Effect=LightColor_Sweet_Fast]]></faceEffectParam>
                <umengKey>甜美可人</umengKey>
            </subFace>
            <subFace>
                <faceName>EditCc_XML_Face_Effects_Item_2</faceName>
                <faceIndex>32</faceIndex>
                <faceIconName>photo_face_effect_2</faceIconName>
                <faceEffectParam><![CDATA[Effect=CustomCurve;ColorCurve=<A>10=0,127=155</A><R>0=19,255=245</R><G>120=137</G><B>0=19,255=245</B>]]></faceEffectParam>
                <umengKey>清新丽人</umengKey>
            </subFace>
            <subFace>
                <faceName>EditCc_XML_Face_Effects_Item_5</faceName>
                <faceIndex>35</faceIndex>
                <faceIconName>photo_face_effect_5</faceIconName>
                <faceEffectParam><![CDATA[Effect=LightColor_Sweet]]></faceEffectParam>
                <umengKey>甜蜜</umengKey>
            </subFace>
            <subFace>
                <faceName>EditCc_XML_Face_Effects_Item_3</faceName>
                <faceIndex>33</faceIndex>
                <faceIconName>photo_face_effect_3</faceIconName>
                <faceEffectParam><![CDATA[Effect=SkinPlus_Lab]]></faceEffectParam>
                <umengKey>香艳红唇</umengKey>
            </subFace>
            <subFace>
                <faceName>EditCc_XML_Face_Effects_Item_1</faceName>
                <faceIndex>31</faceIndex>
                <faceIconName>photo_face_effect_1</faceIconName>
                <faceEffectParam><![CDATA[Effect=SkinPlus_Sunshine;Curve0=<A>10=0,127=150</A><R>121=134</R><G>255=224</G><B>15=0,120=136,232=255</B>]]></faceEffectParam>
                <umengKey>暖暖阳光</umengKey>
            </subFace>
            <subFace>
                <faceName>EditCc_XML_Face_Effects_Item_6</faceName>
                <faceIndex>36</faceIndex>
                <faceIconName>photo_face_effect_6</faceIconName>
                <faceEffectParam><![CDATA[Effect=LightColor_Lighting;Offset=0,1]]></faceEffectParam>
                <umengKey>阳光灿烂</umengKey>
            </subFace>
            <subFace>
                <faceName>EditCc_XML_Face_Effects_Item_10</faceName>
                <faceIndex>310</faceIndex>
                <faceIconName>photo_face_effect_10</faceIconName>
                <faceEffectParam><![CDATA[Effect=SkinPlus_RedClear]]></faceEffectParam>
                <umengKey>红润</umengKey>
            </subFace>
            <subFace>
                <faceName>EditCc_XML_Face_Effects_Item_7</faceName>
                <faceIndex>37</faceIndex>
                <faceIconName>photo_face_effect_7</faceIconName>
                <faceEffectParam><![CDATA[Effect=LightColor_Sweet;ColorBalance0=0,0,0,0,0,-50,0,0,0,1]]></faceEffectParam>
                <umengKey>唯美</umengKey>
            </subFace>
            <subFace>
                <faceName>EditCc_XML_Face_Effects_Item_9</faceName>
                <faceIndex>39</faceIndex>
                <faceIconName>photo_face_effect_9</faceIconName>
                <faceEffectParam><![CDATA[Effect=LightColor_LowGreen]]></faceEffectParam>
                <umengKey>淡雅</umengKey>
            </subFace>
            <subFace>
                <faceName>EditCc_XML_Face_Effects_Item_8</faceName>
                <faceIndex>38</faceIndex>
                <faceIconName>photo_face_effect_8</faceIconName>
                <faceEffectParam><![CDATA[Effect=LightColor_ColorBlue]]></faceEffectParam>
                <umengKey>清凉</umengKey>
            </subFace>
            <subFace>
                <faceName>EditCc_XML_Face_Effects_Item_11</faceName>
                <faceIndex>311</faceIndex>
                <faceIconName>photo_face_effect_11</faceIconName>
                <faceEffectParam><![CDATA[Effect=SkinPlus_BW]]></faceEffectParam>
                <umengKey>黑白</umengKey>
            </subFace>
        </faceCategory>
    </allFace>

</editConfig>
